Price,Age,Mfg_Month,Mfg_Year,KM,Fuel_Type,HP,Metallic,Automatic,CC,Doors,Cylinders,Gears,QuartTax,Weight,Guarantee,BOVAG,Period
13500,23,10,2002,46986,Diesel,90,1,0,2000,3,4,5,210,1165,0,1,3
13750,23,10,2002,72937,Diesel,90,1,0,2000,3,4,5,210,1165,0,1,3
13950,24,9,2002,41711,Diesel,90,1,0,2000,3,4,5,210,1165,1,1,3
14950,26,7,2002,48000,Diesel,90,0,0,2000,3,4,5,210,1165,1,1,3
13750,30,3,2002,38500,Diesel,90,0,0,2000,3,4,5,210,1170,1,1,3
12950,32,1,2002,61000,Diesel,90,0,0,2000,3,4,5,210,1170,0,1,3
16900,27,6,2002,94612,Diesel,90,1,0,2000,3,4,5,210,1245,0,1,3
18600,30,3,2002,75889,Diesel,90,1,0,2000,3,4,5,210,1245,1,1,3
21500,27,6,2002,19700,Petrol,192,0,0,1800,3,4,5,100,1185,0,1,3
12950,23,10,2002,71138,Diesel,69,0,0,1900,3,4,5,185,1105,0,1,3
20950,25,8,2002,31461,Petrol,192,0,0,1800,3,4,6,100,1185,1,1,12
19950,22,11,2002,43610,Petrol,192,0,0,1800,3,4,6,100,1185,1,1,3
19600,25,8,2002,32189,Petrol,192,0,0,1800,3,4,6,100,1185,1,1,3
21500,31,2,2002,23000,Petrol,192,1,0,1800,3,4,6,100,1185,1,1,3
22500,32,1,2002,34131,Petrol,192,1,0,1800,3,4,6,100,1185,1,1,3
22000,28,5,2002,18739,Petrol,192,0,0,1800,3,4,6,100,1185,0,1,3
22750,30,3,2002,34000,Petrol,192,1,0,1800,3,4,5,100,1185,0,1,3
17950,24,9,2002,21716,Petrol,110,1,0,1600,3,4,5,85,1105,0,0,18
16750,24,9,2002,25563,Petrol,110,0,0,1600,3,4,5,19,1065,0,0,3
16950,30,3,2002,64359,Petrol,110,1,0,1600,3,4,5,85,1105,1,1,3
15950,30,3,2002,67660,Petrol,110,1,0,1600,3,4,5,85,1105,1,1,3
16950,29,4,2002,43905,Petrol,110,0,1,1600,3,4,5,100,1170,0,1,3
15950,28,5,2002,56349,Petrol,110,1,0,1600,3,4,5,85,1120,0,1,3
16950,28,5,2002,32220,Petrol,110,1,0,1600,3,4,5,85,1120,1,1,3
16250,29,4,2002,25813,Petrol,110,1,0,1600,3,4,5,85,1120,1,1,3
15950,25,8,2002,28450,Petrol,110,1,0,1600,3,4,5,85,1120,0,1,3
17495,27,6,2002,34545,Petrol,110,1,0,1600,3,4,5,85,1120,1,1,3
15750,29,4,2002,41415,Petrol,110,1,0,1600,3,4,5,85,1120,1,1,3
16950,28,5,2002,44142,Petrol,110,0,0,1600,3,4,5,85,1120,1,1,3
17950,30,3,2002,11090,Petrol,110,1,0,1600,3,4,5,85,1120,1,1,3
12950,29,4,2002,9750,Petrol,97,1,0,1400,3,4,5,19,1100,1,1,12
15750,22,11,2002,35199,Petrol,97,1,0,1400,3,4,5,85,1100,1,1,3
15950,27,6,2002,29510,Petrol,97,1,0,1400,3,4,5,85,1100,1,1,3
14950,26,7,2002,32692,Petrol,97,1,0,1400,3,4,5,85,1100,0,1,3
15500,22,11,2002,41000,Petrol,97,1,0,1400,3,4,5,85,1100,0,0,3
15750,26,7,2002,43000,Petrol,97,0,0,1400,3,4,5,85,1100,1,1,3
15950,25,8,2002,25000,Petrol,97,0,0,1400,3,4,5,85,1100,0,1,3
14950,23,10,2002,10000,Petrol,97,1,0,1400,3,4,5,85,1100,1,1,3
15750,32,1,2002,25329,Petrol,97,1,0,1400,3,4,5,85,1100,1,1,3
14750,27,6,2002,27500,Petrol,97,0,0,1400,3,4,5,85,1100,1,1,3
13950,22,11,2002,49059,Petrol,97,0,0,1400,3,4,5,85,1100,0,1,3
16750,27,6,2002,44068,Petrol,97,1,0,1400,3,4,5,85,1100,1,1,3
13950,22,11,2002,46961,Petrol,97,0,0,1400,3,4,5,85,1100,1,1,3
16950,27,6,2002,110404,Diesel,90,0,0,2000,5,4,5,234,1255,1,1,3
16950,22,11,2002,100250,Diesel,90,0,0,2000,5,4,5,234,1255,1,1,3
19000,23,10,2002,84000,Diesel,90,0,0,2000,5,4,5,234,1270,0,1,3
17950,27,6,2002,79375,Diesel,90,1,0,2000,5,4,5,234,1255,0,1,3
15800,22,11,2002,75048,Petrol,97,1,0,1400,5,4,5,85,1110,0,1,3
17950,22,11,2002,72215,Diesel,90,1,0,2000,5,4,5,234,1255,1,1,3
21950,31,2,2002,64982,Petrol,192,1,0,1800,5,4,6,100,1195,1,1,3
17950,22,11,2002,62636,Diesel,90,1,0,2000,5,4,5,234,1255,1,1,3
15750,30,3,2002,57086,Petrol,97,1,0,1400,5,4,5,85,1110,0,1,3
20500,26,7,2002,56000,Petrol,110,1,1,1600,5,4,5,100,1180,1,1,3
21950,27,6,2002,49866,Petrol,192,1,0,1800,5,4,5,100,1195,0,1,13
15500,25,8,2002,49163,Petrol,110,0,1,1600,5,4,5,100,1165,0,1,3
13250,32,1,2002,45725,Petrol,110,1,0,1600,5,4,5,85,1075,1,1,3
15250,28,5,2002,43210,Petrol,97,0,0,1400,5,4,5,85,1110,0,1,3
15250,26,7,2002,43000,Petrol,97,0,0,1400,5,4,5,85,1110,1,1,3
18950,23,10,2002,39704,Petrol,110,1,1,1600,5,4,5,100,1180,1,1,3
15999,30,3,2002,38950,Petrol,110,1,0,1600,5,4,5,85,1130,0,1,3
14950,22,11,2002,37400,Petrol,97,1,0,1400,5,4,5,85,1110,0,1,3
16500,27,6,2002,37177,Petrol,110,0,0,1600,5,4,5,85,1130,0,1,3
18750,31,2,2002,36544,Petrol,110,1,0,1600,5,4,5,85,1130,1,1,3
17950,30,3,2002,33511,Petrol,110,1,0,1600,5,4,5,85,1130,1,1,3
17950,27,6,2002,32809,Petrol,97,1,0,1400,5,4,5,85,1110,0,1,3
16950,26,7,2002,32181,Petrol,110,1,0,1600,5,4,5,19,1075,0,1,12
18950,28,5,2002,30993,Petrol,110,1,0,1600,5,4,5,85,1130,1,1,3
14950,22,11,2002,30400,Petrol,97,1,0,1400,5,4,5,85,1110,0,1,3
22250,22,11,2002,30000,Diesel,110,1,0,2000,5,4,5,234,1275,1,1,3
15950,25,8,2002,29719,Petrol,97,1,0,1400,5,4,5,85,1110,1,1,3
15950,28,5,2002,29206,Petrol,97,1,0,1400,5,4,5,85,1110,1,1,3
12995,32,1,2002,29198,Petrol,97,1,0,1400,5,4,5,85,1060,1,1,3
18950,28,5,2002,28817,Petrol,110,1,0,1598,5,4,5,85,1130,1,1,3
15750,23,10,2002,28227,Petrol,97,1,0,1400,5,4,5,85,1110,0,1,3
19950,28,5,2002,28000,Petrol,110,0,0,1600,5,4,5,85,1130,1,0,3
16950,23,10,2002,28000,Petrol,110,1,0,1600,5,4,5,85,1115,1,1,3
18750,31,2,2002,25266,Petrol,110,1,0,1600,5,4,5,85,1130,1,1,3
18450,27,6,2002,23489,Petrol,110,0,0,1600,5,4,5,85,1115,0,1,3
16895,29,4,2002,22575,Petrol,110,1,0,1600,5,4,5,85,1115,1,1,3
14900,30,3,2002,22000,Petrol,97,1,0,1400,5,4,5,85,1110,1,1,3
18950,25,8,2002,20019,Petrol,110,1,1,16000,5,4,5,100,1180,0,0,3
17250,29,4,2002,20000,Petrol,110,1,0,1600,5,4,5,85,1115,1,1,3
15450,25,8,2002,17003,Petrol,97,1,0,1400,5,4,5,85,1110,0,1,3
17950,31,2,2002,16238,Petrol,110,1,1,1600,5,4,5,100,1180,1,1,3
16650,25,8,2002,15414,Petrol,97,1,0,1400,5,4,5,85,1110,1,1,3
17450,28,5,2002,8537,Petrol,110,1,0,1600,5,4,5,85,1130,0,1,3
14900,30,3,2002,7000,Petrol,97,1,0,1400,5,4,5,85,1100,0,0,12
17950,20,1,2003,66966,Diesel,90,1,0,2000,3,4,5,210,1245,0,1,3
15950,19,2,2003,51884,Petrol,97,1,0,1400,3,4,5,85,1100,1,1,3
21950,19,2,2003,50005,Diesel,110,1,0,2000,3,4,5,234,1265,1,1,3
16450,20,1,2003,48110,Petrol,97,1,0,1400,3,4,5,85,1100,1,1,3
22250,20,1,2003,37500,Diesel,90,1,0,2000,3,4,5,234,1260,0,1,3
19950,16,5,2003,34472,Diesel,90,1,0,1995,3,4,5,234,1260,0,0,3
15950,20,1,2003,33329,Petrol,97,1,0,1400,3,4,5,85,1100,0,1,3
18900,20,1,2003,31850,Petrol,110,0,0,1600,3,4,5,85,1120,0,1,20
19950,17,4,2003,30351,Diesel,90,1,0,1995,3,4,5,234,1260,0,0,3
15950,19,2,2003,29435,Petrol,97,1,0,1400,3,4,5,85,1100,0,1,3
15950,19,2,2003,25948,Petrol,97,1,0,1400,3,4,5,85,1100,1,1,3
18750,11,10,2003,24500,Petrol,110,1,0,1600,3,4,5,85,1120,0,0,3
17450,18,3,2003,23902,Petrol,97,1,0,1400,3,4,5,85,1100,1,1,3
18990,20,1,2003,23175,Petrol,110,1,0,1600,3,4,5,85,1120,1,1,3
16250,19,2,2003,19200,Petrol,97,1,0,1400,3,4,5,85,1100,0,1,3
18500,13,8,2003,18000,Petrol,71,0,0,1400,3,4,5,85,1125,0,1,12
18500,11,10,2003,16123,Petrol,110,1,0,1600,3,4,5,85,1105,1,1,3
19450,11,10,2003,14635,Petrol,110,1,1,1600,3,4,5,100,1155,1,1,3
16950,19,2,2003,13748,Petrol,97,1,0,1400,3,4,5,85,1100,1,1,3
18800,14,7,2003,11500,Petrol,110,1,0,1600,3,4,5,69,1045,0,0,12
17450,17,4,2003,10000,Petrol,97,1,0,1400,3,4,5,85,1100,1,1,3
17950,20,1,2003,7187,Petrol,110,1,0,1600,3,4,5,85,1105,1,1,3
32500,4,5,2004,1,Diesel,116,0,0,2000,5,4,5,283,1480,1,1,3
31000,4,5,2004,4000,Diesel,116,1,0,2000,5,4,5,283,1480,0,1,3
31275,4,5,2004,1500,Diesel,116,1,0,2000,5,4,5,283,1480,1,1,3
24950,8,1,2004,13253,Diesel,116,1,0,2000,5,4,5,234,1320,0,0,3
24950,8,1,2004,13253,Diesel,116,1,0,2000,5,4,5,234,1320,0,0,3
22950,7,2,2004,10000,Diesel,116,1,0,2000,5,4,5,234,1270,0,1,3
24990,8,1,2004,6000,Diesel,90,1,0,2000,5,4,5,234,1280,1,1,3
21950,8,1,2004,10841,Diesel,90,1,0,2000,5,4,5,234,1270,0,1,3
17900,7,2,2004,1,Petrol,110,1,0,1600,3,4,5,85,1105,0,1,3
19250,20,1,2003,63000,Diesel,90,1,0,2000,5,4,5,234,1255,0,1,3
22250,17,4,2003,57313,Diesel,110,1,0,2000,5,4,5,234,1275,1,1,3
18950,13,8,2003,57037,Petrol,110,0,0,1600,5,4,5,85,1115,0,1,3
19950,19,2,2003,51099,Diesel,90,1,0,2000,5,4,5,234,1255,0,0,3
16350,14,7,2003,40010,Petrol,110,1,0,1600,5,4,5,85,1115,1,1,3
18950,20,1,2003,39115,Petrol,110,1,0,1600,5,4,5,85,1130,1,1,3
16950,17,4,2003,36012,Petrol,110,0,0,1600,5,4,5,85,1130,1,1,3
21750,16,5,2003,36000,Petrol,110,1,0,1600,5,4,5,85,1130,1,1,3
15950,20,1,2003,36000,Petrol,110,1,0,1600,5,4,5,19,1075,0,1,3
16500,20,1,2003,35000,Petrol,97,1,0,1400,5,4,5,85,1110,0,0,3
17950,17,4,2003,33740,Petrol,97,1,0,1400,5,4,5,85,1135,0,1,3
15850,13,8,2003,33477,Petrol,110,1,0,1600,5,4,5,19,1075,0,0,3
16250,20,1,2003,32627,Petrol,97,1,0,1400,5,4,5,85,1110,0,1,3
15950,20,1,2003,29797,Petrol,97,1,0,1400,5,4,5,85,1110,1,1,3
16250,19,2,2003,29441,Petrol,97,1,0,1400,5,4,5,85,1110,0,1,3
15950,13,8,2003,29371,Petrol,110,1,0,1600,4,4,5,19,1105,0,0,24
16500,20,1,2003,29000,Petrol,97,0,0,1400,5,4,5,85,1110,0,1,3
16500,19,2,2003,27821,Petrol,97,0,0,1400,5,4,5,85,1110,1,1,3
18450,19,2,2003,27371,Petrol,97,0,0,1400,5,4,5,85,1135,0,1,3
16250,13,8,2003,25170,Petrol,110,1,0,1600,5,4,5,19,1105,0,0,24
23000,11,10,2003,25000,Diesel,116,1,0,2000,5,4,5,64,1320,0,0,3
19900,20,1,2003,23000,Petrol,110,1,0,1600,5,4,5,85,1130,0,0,3
16450,20,1,2003,22588,Petrol,97,1,0,1400,5,4,5,85,1110,1,1,3
23950,19,2,2003,21684,Petrol,192,1,0,1800,5,4,5,19,1185,0,1,12
19950,13,8,2003,21428,Petrol,110,1,0,1600,5,4,5,85,1130,1,1,3
18500,16,5,2003,20629,Petrol,110,1,0,1600,4,4,5,85,1090,1,1,3
18950,15,6,2003,20270,Petrol,110,1,0,1600,5,4,5,85,1130,1,1,3
16450,16,5,2003,20105,Petrol,97,0,0,1400,5,4,5,85,1110,1,1,3
20500,20,1,2003,20000,Petrol,110,0,1,1600,5,4,5,100,1165,0,1,3
24500,13,8,2003,19988,Petrol,110,1,0,1600,5,4,5,85,1130,1,1,3
19450,19,2,2003,18328,Petrol,110,0,0,1600,5,4,5,85,1130,1,1,3
20950,14,7,2003,17896,Petrol,110,1,1,1600,4,4,5,85,1150,0,1,3
17200,20,1,2003,17300,Petrol,97,1,0,1400,5,4,5,85,1110,1,1,3
19950,19,2,2003,17038,Petrol,110,0,0,1600,5,4,5,85,1130,1,1,3
18450,10,11,2003,13747,Petrol,97,1,0,1400,5,4,5,85,1110,1,1,3
19500,12,9,2003,13634,Petrol,110,1,0,1600,5,4,5,85,1115,1,1,3
21750,13,8,2003,13178,Petrol,110,1,0,1600,5,4,5,85,1130,1,1,3
16868,15,6,2003,13157,Petrol,97,1,0,1400,4,4,5,85,1085,1,1,3
19500,16,5,2003,13000,Petrol,110,1,0,1600,4,4,5,85,1105,1,1,3
18900,11,10,2003,12500,Petrol,110,1,0,1600,5,4,5,85,1115,1,1,3
19750,17,4,2003,11999,Petrol,110,1,0,1600,5,4,5,85,1130,0,1,3
19750,16,5,2003,11754,Petrol,110,0,1,1600,5,4,5,100,1180,0,1,3
18950,16,5,2003,11000,Petrol,110,1,0,1600,4,4,5,85,1105,1,1,3
20750,17,4,2003,10000,Petrol,110,0,0,1598,5,4,5,85,1105,0,1,12
19600,9,12,2003,7650,Petrol,110,1,0,1600,5,4,5,85,1115,0,1,3
19500,14,7,2003,6500,Petrol,110,1,0,1600,4,4,5,85,1100,0,1,28
17650,11,10,2003,6155,Petrol,97,1,0,1400,5,4,5,85,1110,1,1,3
19950,14,7,2003,6000,Petrol,110,0,0,1600,5,4,5,85,1130,0,1,3
19950,14,7,2003,5459,Petrol,110,1,0,1600,5,4,5,85,1130,0,1,3
20950,14,7,2003,5278,Petrol,110,1,1,1600,4,4,5,85,1150,1,1,3
20500,12,9,2003,5000,Petrol,110,1,0,1600,5,4,5,85,1130,1,1,3
17795,9,12,2003,1,Petrol,98,1,0,1400,4,4,5,19,1065,0,0,36
18245,9,12,2003,1,Petrol,110,1,0,1600,5,4,5,19,1075,0,0,36
23750,8,1,2004,11000,Petrol,110,1,0,1600,5,4,5,85,1130,0,1,24
19500,8,1,2004,10077,Petrol,97,1,0,1400,5,4,5,85,1110,1,1,3
18950,8,1,2004,10000,Petrol,97,1,0,1400,5,4,5,85,1110,0,1,3
21950,8,1,2004,9788,Petrol,110,1,0,1600,5,4,5,85,1130,1,1,3
19950,8,1,2004,8574,Petrol,110,1,0,1600,5,4,5,85,1130,1,1,3
18950,8,1,2004,7000,Petrol,110,0,0,1600,5,4,5,85,1115,0,1,3
19950,7,2,2004,6250,Petrol,110,1,0,1600,5,4,5,85,1115,0,1,3
21950,8,1,2004,5000,Petrol,110,1,0,1600,5,4,5,85,1130,0,1,3
22500,6,3,2004,3000,Petrol,110,0,0,1600,5,4,5,85,1130,1,1,3
18500,7,2,2004,2000,Petrol,110,0,0,1600,5,4,5,19,1075,0,1,24
18700,7,2,2004,450,Petrol,97,1,0,1400,5,4,5,85,1110,0,1,3
21125,2,7,2004,225,Petrol,97,1,0,1400,5,4,5,85,1110,1,1,3
21500,2,7,2004,15,Petrol,110,1,0,1600,5,4,5,85,1130,1,1,3
17795,1,8,2004,1,Petrol,98,1,0,1400,4,4,5,19,1100,0,0,36
18245,1,8,2004,1,Petrol,110,1,0,1600,5,4,5,19,1075,0,0,36
6950,43,2,2001,243000,Diesel,69,0,0,1900,3,4,5,185,1110,0,1,3
9500,38,7,2001,180638,Diesel,90,0,0,2000,4,4,5,210,1160,0,1,3
11950,40,5,2001,179860,Diesel,90,1,0,2000,5,4,5,210,1205,0,1,3
7750,43,2,2001,178858,CNG,110,0,0,1600,3,4,5,197,1084,0,1,3
11950,40,5,2001,161000,Diesel,69,1,0,1900,3,4,5,185,1105,0,1,3
4350,44,1,2001,158320,Diesel,69,0,0,1800,5,4,5,64,1110,0,0,3
4750,44,1,2001,131273,Diesel,69,1,0,1800,5,4,5,64,1110,0,0,3
11750,40,5,2001,130062,Diesel,69,1,0,1900,5,4,5,185,1140,0,1,3
13250,41,4,2001,123425,Diesel,69,1,0,1900,5,4,5,185,1140,0,1,3
11950,37,8,2001,118217,Petrol,110,1,0,1600,5,4,5,85,1075,0,1,3
11900,44,1,2001,110000,Diesel,69,1,0,1900,5,4,5,185,1095,0,0,6
14750,39,6,2001,108847,Diesel,90,1,0,2000,5,4,5,210,1205,0,1,3
9950,42,3,2001,105699,Petrol,97,1,0,1400,3,4,5,69,1025,0,1,3
11950,39,6,2001,98823,CNG,110,1,0,1600,5,4,5,197,1119,1,1,3
11495,44,1,2001,96829,Petrol,110,1,0,1600,5,4,5,85,1075,1,1,3
11250,40,5,2001,96518,Petrol,97,1,0,1400,3,4,5,69,1025,0,1,12
10500,42,3,2001,92204,Petrol,110,1,0,1600,5,4,5,85,1075,1,1,3
10450,35,10,2001,91456,Diesel,69,1,0,1900,3,4,5,185,1110,0,1,3
12950,43,2,2001,89968,Diesel,69,1,0,1900,5,4,5,185,1140,0,0,3
11500,44,1,2001,89757,Petrol,110,1,0,1600,3,4,5,69,1045,1,1,3
12500,40,5,2001,85389,Petrol,110,1,0,1600,5,4,5,85,1075,0,1,3
10950,43,2,2001,85017,Petrol,97,0,0,1400,5,4,5,85,1060,1,1,3
11450,41,4,2001,84312,Petrol,110,0,0,1600,5,4,5,85,1080,0,1,3
11950,37,8,2001,82743,CNG,110,1,0,1600,5,4,5,197,1121,1,1,3
13250,41,4,2001,81106,Diesel,69,1,0,1900,5,4,5,185,1140,0,1,3
14750,40,5,2001,80425,Diesel,90,1,0,2000,5,4,5,210,1205,0,1,3
11790,34,11,2001,78677,Petrol,110,1,1,1600,5,4,5,85,1105,0,1,3
11450,40,5,2001,78425,Petrol,110,1,0,1600,5,4,5,85,1075,0,1,3
13500,33,12,2001,78108,Diesel,90,1,0,2000,3,4,5,210,1170,1,1,3
10950,33,12,2001,77321,Petrol,110,1,0,1600,5,4,5,85,1075,0,1,3
13500,33,12,2001,75699,Diesel,69,0,0,1900,3,4,5,185,1105,1,1,3
10950,41,4,2001,75697,Petrol,97,1,0,1400,3,4,5,69,1025,1,1,3
10950,44,1,2001,74846,Petrol,97,1,0,1400,3,4,5,69,1025,1,1,3
12950,38,7,2001,74319,Petrol,110,1,0,1600,5,4,5,85,1075,1,1,3
11950,43,2,2001,74285,Petrol,110,1,0,1600,5,4,5,85,1075,0,1,6
12450,44,1,2001,74172,Petrol,110,1,0,1600,5,4,5,163,1615,1,1,3
11950,40,5,2001,73042,Petrol,110,1,0,1598,5,4,5,85,1075,1,1,3
14950,44,1,2001,71793,CNG,110,1,0,1600,4,4,5,197,1067,1,1,3
12450,35,10,2001,71200,Petrol,110,1,0,1600,5,4,5,85,1075,0,1,3
12950,38,7,2001,67805,Petrol,110,1,0,1600,5,4,5,85,1075,1,1,3
11950,35,10,2001,65988,Petrol,110,1,0,1600,3,4,5,69,1040,1,1,3
11690,34,11,2001,65345,Petrol,97,1,0,1400,5,4,5,85,1060,1,1,3
12450,42,3,2001,64564,Petrol,110,1,0,1600,5,4,5,85,1080,1,1,3
12750,36,9,2001,63459,Petrol,97,1,0,1400,5,4,5,85,1060,1,1,3
11925,44,1,2001,63451,Petrol,97,0,0,1400,3,4,5,69,1025,1,1,3
12950,33,12,2001,62000,Petrol,110,1,0,1600,5,4,5,19,1075,1,0,12
11950,42,3,2001,61300,Petrol,97,1,0,1400,3,4,5,69,1030,1,1,3
12900,41,4,2001,61200,Petrol,110,1,0,1600,3,4,5,69,1045,1,1,3
11900,41,4,2001,61000,Petrol,110,0,0,1600,5,4,5,85,1075,0,1,3
11650,38,7,2001,60829,Petrol,110,1,0,1600,5,4,5,85,1075,1,1,3
10950,44,1,2001,60500,Petrol,110,0,0,1600,5,4,5,85,1075,1,1,12
13950,35,10,2001,59500,Diesel,69,1,0,1900,3,4,5,64,1110,1,0,12
13950,44,1,2001,59000,Petrol,110,0,1,1600,5,4,5,85,1110,0,1,3
11950,40,5,2001,58954,Petrol,110,1,0,1600,5,4,5,85,1080,0,1,12
10950,38,7,2001,58798,Petrol,110,1,0,1600,5,4,5,85,1075,1,1,3
12450,38,7,2001,58363,Petrol,110,1,0,1600,3,4,5,85,1055,0,1,3
11950,43,2,2001,58277,Petrol,110,1,0,1600,3,4,5,69,1045,0,1,3
13500,33,12,2001,57711,Diesel,90,1,0,2000,3,4,5,210,1165,1,1,3
11690,33,12,2001,57269,Petrol,110,1,0,1600,5,4,5,85,1075,1,1,3
13500,39,6,2001,56001,Petrol,110,1,0,1600,5,4,5,85,1075,1,1,3
11950,42,3,2001,55968,Petrol,110,0,0,1600,3,4,5,69,1050,1,1,3
12900,39,6,2001,55678,Petrol,110,1,0,1600,4,4,5,69,1030,1,1,3
13500,43,2,2001,55539,Petrol,110,1,0,1600,5,4,5,85,1085,1,1,3
11750,42,3,2001,55400,Petrol,110,0,0,1600,5,4,5,85,1075,1,1,3
11750,33,12,2001,55350,Petrol,110,0,0,1600,5,4,5,85,1075,1,1,3
10850,43,2,2001,54600,Petrol,110,0,0,1600,4,4,5,69,1030,1,1,3
11750,43,2,2001,53773,Petrol,110,1,0,1600,5,4,5,85,1075,1,1,3
14950,42,3,2001,53719,Petrol,110,1,1,1600,5,4,5,85,1105,1,1,3
9940,39,6,2001,53644,Petrol,110,1,0,1600,5,4,5,19,1075,0,0,3
12900,42,3,2001,53350,Petrol,110,0,0,1600,5,4,5,85,1075,1,1,12
13500,38,7,2001,53000,Petrol,110,1,0,1600,5,4,5,85,1075,0,1,6
11750,44,1,2001,52084,Petrol,97,1,0,1400,3,4,5,69,1025,1,1,3
11950,44,1,2001,52000,Petrol,97,0,0,1400,3,4,5,69,1025,0,1,3
13450,33,12,2001,51945,Petrol,110,1,0,1600,5,4,5,85,1075,0,1,3
11950,41,4,2001,51732,Petrol,97,1,0,1400,3,4,5,69,1025,0,1,3
12495,39,6,2001,50873,Petrol,110,1,0,1600,5,4,5,85,1075,1,1,3
13500,41,4,2001,50856,Petrol,110,0,0,1600,4,4,5,69,1030,0,1,12
12750,40,5,2001,50640,Petrol,110,1,0,1600,5,4,5,85,1075,0,1,3
12000,39,6,2001,50000,Petrol,97,1,0,1400,5,4,5,85,1060,0,0,3
11950,38,7,2001,49500,Petrol,110,1,0,1600,5,4,5,85,1075,1,1,3
12495,44,1,2001,49332,Petrol,110,1,0,1600,5,4,5,85,1080,1,1,3
12450,34,11,2001,49291,Petrol,110,1,0,1600,3,4,5,69,1040,1,1,3
14750,40,5,2001,48952,Diesel,90,1,0,2000,5,4,5,210,1205,0,1,3
10950,39,6,2001,48945,Petrol,110,0,0,1600,3,4,5,69,1040,0,1,3
13500,33,12,2001,48928,Diesel,69,1,0,1900,3,4,5,185,1105,1,1,3
12950,38,7,2001,48197,Petrol,110,1,0,1600,5,4,5,85,1075,1,1,3
13500,35,10,2001,48052,Diesel,69,1,0,1900,3,4,5,185,1105,1,1,3
13450,34,11,2001,48011,Petrol,110,1,0,1600,4,4,5,69,1030,1,1,3
13500,43,2,2001,48000,Petrol,110,1,0,1600,5,4,5,85,1075,0,0,6
11480,41,4,2001,47350,Petrol,110,1,0,1600,5,4,5,85,1075,1,1,3
13450,39,6,2001,46821,Petrol,97,1,0,1400,5,4,5,85,1060,1,1,3
11495,39,6,2001,46694,Petrol,110,0,0,1600,3,4,5,69,1040,1,1,3
12750,43,2,2001,46515,Petrol,97,0,0,1400,5,4,5,69,1025,0,0,12
14990,38,7,2001,46327,Petrol,110,1,0,1600,3,4,5,85,1055,1,1,3
12950,35,10,2001,46304,Petrol,97,1,0,1400,5,4,5,85,1060,1,1,3
12950,40,5,2001,45886,Petrol,110,1,0,1600,5,4,5,85,1080,1,1,3
12850,39,6,2001,45713,Petrol,97,1,0,1400,5,4,5,19,1085,0,1,6
13950,40,5,2001,45600,Petrol,110,1,1,1600,5,4,5,85,1105,0,1,3
11950,41,4,2001,45287,Petrol,110,1,0,1600,5,4,5,85,1075,0,1,3
12950,39,6,2001,45081,Petrol,110,1,0,1600,5,4,5,85,1075,1,1,3
11700,40,5,2001,44830,Petrol,110,1,0,1600,5,4,5,85,1075,0,1,3
9950,37,8,2001,44757,Petrol,97,0,0,1400,3,4,5,69,1025,0,1,3
11895,44,1,2001,44218,Petrol,97,1,0,1400,5,4,5,85,1060,1,1,3
12950,43,2,2001,43632,Petrol,110,1,0,1600,5,4,5,85,1075,0,1,3
12500,36,9,2001,43427,Petrol,110,1,0,1600,3,4,5,69,1040,1,1,3
13875,39,6,2001,43254,Petrol,110,1,0,1600,5,4,5,85,1075,1,1,3
10500,35,10,2001,43000,Petrol,110,0,0,1600,3,4,5,69,1050,0,1,3
12295,33,12,2001,42823,Petrol,110,1,0,1600,5,4,5,85,1075,1,1,3
13950,42,3,2001,42560,Petrol,110,1,0,1600,5,4,5,85,1080,1,1,3
10950,38,7,2001,41754,Petrol,110,0,0,1600,3,4,5,69,1040,0,1,3
12950,44,1,2001,41499,CNG,110,1,0,1600,5,4,5,197,1103,1,1,3
12850,40,5,2001,41339,Petrol,110,1,0,1600,5,4,5,85,1080,1,1,3
13995,35,10,2001,41000,Petrol,110,1,0,1600,5,4,5,85,1075,1,1,3
13750,39,6,2001,40000,Petrol,110,1,0,1600,3,4,5,85,1055,0,1,3
12750,37,8,2001,39757,Petrol,110,1,0,1600,5,4,5,85,1075,1,1,3
12500,41,4,2001,39659,Petrol,110,1,0,1600,3,4,5,69,1045,1,1,3
13950,43,2,2001,39650,Petrol,110,0,0,1600,3,4,5,85,1055,0,1,3
11500,39,6,2001,39524,Petrol,97,1,0,1398,3,4,5,69,1025,1,1,3
13950,44,1,2001,39516,Petrol,97,1,0,1400,5,4,5,85,1060,1,1,3
11895,41,4,2001,39439,Petrol,97,0,0,1400,5,4,5,85,1060,1,1,3
9950,44,1,2001,39000,Petrol,97,1,0,1400,3,4,5,69,1025,0,1,3
13500,42,3,2001,38932,Petrol,110,1,0,1600,3,4,5,69,1040,0,1,12
11450,37,8,2001,38812,Petrol,97,0,0,1400,3,4,5,69,1025,1,1,3
12450,42,3,2001,38665,Petrol,110,1,0,1600,5,4,5,85,1075,1,1,3
12950,40,5,2001,38653,Petrol,110,1,0,1600,5,4,5,85,1080,1,1,3
13995,44,1,2001,38461,Petrol,110,1,0,1600,5,4,5,85,1080,1,1,3
11750,42,3,2001,38078,Petrol,97,0,0,1400,3,4,5,69,1025,0,1,3
11650,39,6,2001,37782,Petrol,97,1,0,1400,5,4,5,85,1060,0,1,3
9950,43,2,2001,37576,Petrol,97,0,0,1400,3,4,5,69,1030,0,1,3
13950,41,4,2001,37533,Petrol,110,1,0,1600,5,4,5,85,1075,0,1,3
12950,44,1,2001,37389,Petrol,110,1,0,1600,5,4,5,85,1080,1,1,3
10950,38,7,2001,37320,Petrol,97,1,0,1400,3,4,5,69,1025,0,1,3
9900,42,3,2001,37000,Petrol,97,1,0,1400,3,4,5,69,1025,1,1,3
11950,44,1,2001,37000,Petrol,110,0,0,1600,4,4,5,19,1075,0,1,3
11990,40,5,2001,36566,Petrol,110,0,0,1600,5,4,5,85,1090,1,1,3
10750,36,9,2001,36269,Petrol,110,1,0,1600,5,4,5,85,1075,0,1,3
13950,37,8,2001,36074,Petrol,110,1,1,1600,5,4,5,19,1075,0,1,12
11250,44,1,2001,36066,Petrol,110,1,0,1600,3,4,5,69,1040,1,1,3
12950,39,6,2001,34599,Petrol,110,1,0,1600,5,4,5,85,1075,0,1,3
11950,41,4,2001,34000,Petrol,110,1,0,1600,5,4,5,85,1075,0,1,3
10950,42,3,2001,33623,Petrol,97,1,0,1400,3,4,5,69,1025,0,1,3
12950,33,12,2001,33591,Petrol,110,1,0,1600,5,4,5,85,1075,0,1,3
12950,35,10,2001,33258,Petrol,110,1,0,1600,5,4,5,85,1075,1,1,3
11695,43,2,2001,33113,Petrol,110,1,0,1600,5,4,5,85,1075,1,1,3
11000,41,4,2001,33000,Petrol,110,1,1,1600,5,4,6,19,1075,0,0,3
13950,35,10,2001,32941,Petrol,110,1,0,1600,5,4,5,85,1080,1,1,3
11950,38,7,2001,32781,Petrol,110,0,0,1600,5,4,5,85,1075,1,1,3
11750,40,5,2001,32532,Petrol,110,1,0,1600,3,4,5,69,1040,1,1,3
12400,34,11,2001,32431,Petrol,97,1,0,1400,5,4,5,85,1060,1,1,3
12500,35,10,2001,32000,Petrol,110,0,0,1600,3,4,5,69,1040,0,1,3
12900,33,12,2001,31000,Petrol,110,1,0,1600,5,4,5,19,1075,0,1,6
12200,41,4,2001,30989,Petrol,110,0,0,1600,3,4,5,69,1045,0,1,3
12750,43,2,2001,30742,Petrol,110,1,0,1600,3,4,5,69,1040,1,1,3
11950,42,3,2001,30190,Petrol,110,1,0,1600,5,4,5,85,1075,1,1,3
11900,41,4,2001,29716,Petrol,116,1,0,1600,5,4,5,85,1075,0,1,3
11950,44,1,2001,29716,Petrol,110,1,1,1600,3,4,5,85,1070,1,1,3
14950,42,3,2001,29640,Petrol,110,0,0,1600,3,4,5,85,1055,1,1,3
11950,41,4,2001,29056,Petrol,97,1,0,1400,5,4,5,85,1060,1,1,3
12950,33,12,2001,28715,Petrol,110,1,0,1600,5,4,5,85,1075,1,1,3
14950,41,4,2001,28571,Petrol,110,0,0,1600,5,4,5,85,1090,1,1,3
13450,40,5,2001,28362,Petrol,110,1,0,1600,3,4,5,69,1040,0,1,3
13750,38,7,2001,28150,Petrol,110,1,0,1600,5,4,5,85,1075,0,1,3
12950,43,2,2001,27301,Petrol,110,1,0,1600,3,4,5,69,1040,1,1,3
12750,33,12,2001,27240,Petrol,110,1,0,1600,5,4,5,85,1075,0,0,12
11895,39,6,2001,27170,Petrol,97,1,0,1400,5,4,5,85,1060,1,1,3
9950,42,3,2001,27141,Petrol,97,1,0,1400,5,4,5,85,1060,1,1,3
12450,38,7,2001,26262,Petrol,110,1,0,1600,5,4,5,85,1075,0,1,3
12500,38,7,2001,26000,Petrol,97,1,0,1400,5,4,5,85,1060,1,1,3
14950,43,2,2001,25228,Petrol,110,1,0,1600,3,4,5,69,1045,1,1,3
13750,39,6,2001,25062,Petrol,110,1,0,1600,5,4,5,85,1080,1,1,3
12695,39,6,2001,24723,Petrol,110,1,1,1600,4,4,5,85,1060,1,1,3
14990,33,12,2001,24650,Petrol,110,1,0,1600,3,4,5,85,1055,1,1,3
12750,43,2,2001,24553,Petrol,110,1,0,1600,5,4,5,85,1080,1,1,3
14350,41,4,2001,24475,Petrol,110,1,0,1600,5,4,5,69,1030,0,1,12
12950,39,6,2001,24444,Petrol,110,1,0,1600,3,4,5,69,1040,1,1,3
11500,35,10,2001,24011,Petrol,97,0,0,1400,3,4,5,69,1025,1,1,3
11950,41,4,2001,24000,Petrol,97,1,0,1400,3,4,5,69,1025,0,1,3
13450,40,5,2001,23616,Petrol,110,1,0,1600,5,4,5,85,1075,0,1,3
12900,38,7,2001,22865,Petrol,110,1,0,1600,5,4,5,85,1075,1,1,3
10500,41,4,2001,22780,Petrol,86,1,0,1300,5,4,5,69,1035,1,1,3
10950,35,10,2001,21904,Petrol,97,0,0,1400,3,4,5,69,1025,0,1,3
11950,41,4,2001,21651,Petrol,97,0,0,1400,3,4,5,69,1025,1,1,3
11450,37,8,2001,21500,Petrol,110,1,0,1600,5,4,5,69,1030,1,0,12
13250,44,1,2001,21027,Petrol,110,1,0,1600,5,4,5,85,1080,1,1,3
10250,39,6,2001,18500,Petrol,110,0,0,1600,4,4,5,69,1030,0,0,3
13995,35,10,2001,18000,Petrol,110,1,0,1600,5,4,5,85,1075,1,1,3
11950,40,5,2001,17051,Petrol,97,0,0,1400,5,4,5,85,1060,1,1,3
13250,33,12,2001,16512,Petrol,97,1,0,1400,5,4,5,19,1085,0,1,3
12950,40,5,2001,16325,Petrol,110,1,0,1600,5,4,5,85,1080,0,1,3
11750,38,7,2001,16000,Petrol,97,1,0,1400,5,4,5,85,1060,0,1,3
11500,39,6,2001,12000,Petrol,110,1,0,1600,5,4,5,85,1075,0,0,12
13500,43,2,2001,10000,Petrol,97,1,0,1400,5,4,5,85,1060,0,0,6
6500,53,4,2000,216000,Diesel,69,0,0,1900,3,4,5,185,1110,0,1,3
6400,51,6,2000,198167,Diesel,69,0,0,1900,4,4,5,185,1095,0,1,3
7000,53,4,2000,176000,Diesel,69,0,0,1900,3,4,5,185,1105,0,1,3
7750,54,3,2000,174139,Diesel,72,1,0,2000,4,4,5,185,1100,0,1,3
8900,45,12,2000,174000,Diesel,69,1,0,1900,5,4,5,185,1095,0,0,6
8500,55,2,2000,150000,CNG,110,1,0,1600,3,4,5,72,1075,0,0,6
8950,54,3,2000,149329,Diesel,72,1,0,2000,5,4,5,185,1135,0,1,3
9900,51,6,2000,146736,Petrol,110,1,0,1600,5,4,5,85,1080,0,1,3
10250,53,4,2000,143513,Diesel,69,0,0,1900,5,4,5,185,1140,0,1,3
9250,48,9,2000,142130,CNG,110,0,0,1600,5,4,5,197,1119,0,1,3
7750,48,9,2000,140700,Diesel,69,1,0,1900,5,4,5,64,1110,0,1,3
9450,54,3,2000,138394,Diesel,69,1,0,1900,4,4,5,185,1095,0,1,3
7750,55,2,2000,137000,Diesel,72,1,0,2000,5,4,5,185,1135,0,0,3
8250,52,5,2000,135258,Diesel,69,1,0,1900,5,4,5,185,1140,0,1,3
9950,49,8,2000,131364,Petrol,110,1,0,1600,5,4,5,85,1075,0,1,3
4450,56,1,2000,129155,Diesel,69,0,0,1800,5,4,5,64,1110,0,0,3
9950,50,7,2000,126110,Petrol,110,0,0,1600,3,4,5,85,1055,0,1,3
9000,48,9,2000,119742,Petrol,110,1,0,1600,5,4,5,85,1080,0,1,3
9950,53,4,2000,117913,Diesel,69,1,0,1900,5,4,5,64,1110,0,1,3
12450,47,10,2000,117430,Diesel,90,1,0,2000,3,4,5,210,1165,0,1,3
10500,55,2,2000,117175,Petrol,110,1,0,1600,4,4,5,69,1035,1,1,3
10750,54,3,2000,115558,Petrol,110,1,0,1600,4,4,5,69,1035,1,1,3
8950,53,4,2000,115113,Petrol,97,1,0,1400,3,4,5,69,1025,1,1,3
10500,54,3,2000,115046,Diesel,69,1,0,1900,5,4,5,185,1140,0,1,3
5150,56,1,2000,113997,Diesel,72,1,0,2000,5,4,5,64,1135,0,0,3
10950,49,8,2000,107859,Petrol,97,0,0,1400,5,4,5,85,1060,1,1,3
9450,52,5,2000,104805,Petrol,97,1,0,1400,3,4,5,69,1025,1,1,3
9950,54,3,2000,103454,Petrol,110,1,0,1600,5,4,5,85,1075,1,1,3
10950,51,6,2000,103018,Diesel,69,0,0,1900,5,4,5,185,1140,0,1,3
11900,47,10,2000,102352,Petrol,110,1,0,1600,5,4,5,85,1080,1,1,3
9950,50,7,2000,102030,Petrol,97,1,0,1400,5,4,5,85,1060,1,1,3
11950,54,3,2000,101352,Petrol,110,0,0,1600,5,4,5,85,1080,1,1,3
7900,50,7,2000,99865,Petrol,110,1,0,1600,4,4,5,69,1035,0,1,3
10950,52,5,2000,99323,Petrol,110,1,0,1600,3,4,5,85,1055,1,1,3
8950,48,9,2000,98100,Diesel,69,1,0,1900,5,4,5,185,1140,0,1,3
11950,51,6,2000,98040,Petrol,110,0,0,1600,5,4,5,85,1080,1,1,3
10900,49,8,2000,97600,Petrol,110,1,0,1600,3,4,5,69,1045,0,1,6
9950,55,2,2000,97234,Petrol,110,0,0,1600,5,4,5,85,1080,0,1,3
9950,51,6,2000,96135,Diesel,72,0,0,2000,3,4,5,185,1115,0,1,3
10950,54,3,2000,96100,Petrol,110,1,0,1600,5,4,5,85,1080,1,1,3
8950,55,2,2000,94401,Diesel,72,0,0,2000,3,4,5,185,1115,0,1,3
8950,55,2,2000,94122,Petrol,86,1,0,1300,3,4,5,69,1015,0,1,3
10500,49,8,2000,91340,Petrol,110,1,0,1600,3,4,5,85,1055,1,1,3
8950,53,4,2000,90200,Petrol,97,0,0,1400,3,4,5,69,1025,0,1,3
9250,53,4,2000,90097,Diesel,69,1,0,1900,5,4,5,185,1140,1,1,3
11500,48,9,2000,89049,Petrol,97,1,0,1400,5,4,5,85,1060,0,1,12
9750,52,5,2000,89000,Petrol,110,0,0,1600,5,4,5,85,1075,0,0,3
9950,45,12,2000,87274,Petrol,110,1,0,1600,3,4,5,69,1040,1,1,3
11450,49,8,2000,86221,Petrol,110,0,0,1600,3,4,5,69,1045,1,1,3
12500,54,3,2000,84598,Petrol,110,0,0,1600,5,4,5,19,1075,0,1,6
10500,50,7,2000,83567,Petrol,110,0,0,1600,5,4,5,85,1075,0,1,3
12950,50,7,2000,83106,Petrol,110,1,0,1600,5,4,5,85,1075,1,1,3
12200,50,7,2000,82805,Petrol,110,1,0,1600,3,4,5,69,1040,1,1,3
10950,50,7,2000,82735,Petrol,97,1,0,1400,3,4,5,69,1030,1,1,3
10950,54,3,2000,81905,Petrol,110,1,0,1600,5,4,5,19,1105,0,1,6
11290,49,8,2000,80320,Petrol,110,1,1,1600,3,4,5,85,1070,1,1,3
10750,49,8,2000,80090,Petrol,97,1,0,1400,3,4,5,69,1030,0,1,6
10895,53,4,2000,79800,Petrol,110,0,0,1600,5,4,5,85,1075,1,1,3
11500,47,10,2000,78785,CNG,110,1,0,1600,5,4,5,197,1119,1,1,3
9750,48,9,2000,78600,Petrol,110,1,0,1600,5,4,5,85,1075,0,1,3
10250,55,2,2000,77780,Petrol,110,0,0,1600,3,4,5,69,1040,0,1,3
12500,49,8,2000,77648,Petrol,110,0,0,1600,4,4,5,69,1030,1,1,3
11950,54,3,2000,77270,Petrol,110,1,0,1600,4,4,5,69,1035,1,1,3
10750,50,7,2000,76167,Petrol,97,1,0,1400,5,4,5,85,1060,1,1,3
11450,46,11,2000,75249,Petrol,110,1,0,1600,4,4,5,69,1035,1,1,3
11950,54,3,2000,75231,Petrol,110,1,0,1600,5,4,5,85,1080,1,1,3
11750,48,9,2000,75045,Petrol,110,1,0,1600,3,4,6,85,1055,0,0,6
10950,50,7,2000,74849,Petrol,110,1,1,1600,4,4,5,85,1060,1,1,3
11950,55,2,2000,74715,Petrol,110,1,0,1600,5,4,5,85,1080,1,1,3
10995,49,8,2000,74656,Diesel,69,0,0,1900,3,4,5,185,1105,1,1,3
11450,56,1,2000,74500,Petrol,97,0,0,1400,3,4,5,69,1025,0,1,3
8900,49,8,2000,74494,Petrol,110,1,0,1600,5,4,5,85,1075,1,1,3
10500,50,7,2000,73634,Petrol,110,0,0,1587,5,4,5,85,1075,0,0,6
11750,47,10,2000,73403,Petrol,110,1,0,1600,5,4,5,85,1075,1,1,3
11450,49,8,2000,73175,Petrol,97,1,0,1400,3,4,5,69,1030,1,1,3
12000,52,5,2000,73000,Petrol,110,0,0,1600,3,4,5,85,1055,0,1,3
11950,50,7,2000,72242,Petrol,110,0,1,1600,3,4,5,85,1070,1,1,3
9850,53,4,2000,72000,Petrol,97,1,0,1400,3,4,5,69,1025,0,0,3
10950,54,3,2000,71725,Petrol,110,1,0,1600,4,4,5,69,1035,0,1,3
10950,54,3,2000,71276,Petrol,110,0,0,1600,5,4,5,85,1080,0,1,3
8695,50,7,2000,70440,Diesel,69,1,0,1900,3,4,5,185,1105,0,1,6
10990,53,4,2000,70239,Petrol,110,0,0,1600,3,4,5,69,1040,0,1,3
9500,55,2,2000,69813,Petrol,97,1,0,1400,3,4,5,69,1025,0,1,3
11950,49,8,2000,69659,Petrol,86,0,0,1300,3,4,6,69,1025,0,1,3
10750,46,11,2000,69574,Petrol,97,0,0,1400,5,4,5,85,1065,1,1,3
8750,47,10,2000,69000,Diesel,69,1,0,1900,5,4,5,185,1140,0,1,3
8750,49,8,2000,68565,Petrol,110,1,0,1600,4,4,5,69,1030,0,1,3
11450,55,2,2000,68520,Diesel,72,1,0,2000,3,4,5,185,1115,1,1,3
9950,46,11,2000,68414,Petrol,97,0,0,1400,3,4,5,69,1025,1,1,3
11950,56,1,2000,66777,Petrol,110,0,0,1600,5,4,5,85,1090,1,1,3
13950,52,5,2000,66527,Petrol,110,1,0,1600,5,4,5,85,1080,1,1,3
11250,54,3,2000,66063,Petrol,110,1,0,1600,5,4,5,85,1090,0,1,3
10900,50,7,2000,65471,Petrol,97,1,0,1400,5,4,5,85,1060,0,1,3
9750,56,1,2000,65400,Petrol,97,1,0,1400,3,4,5,69,1025,1,1,3
9950,52,5,2000,65170,Petrol,97,1,0,1400,3,4,5,69,1025,1,1,3
11950,56,1,2000,65000,Petrol,110,1,0,1600,5,4,5,19,1075,0,0,6
10450,48,9,2000,64193,Petrol,110,1,0,1600,3,4,5,69,1040,0,1,3
8950,54,3,2000,64000,Petrol,97,1,0,1400,3,4,5,69,1025,0,1,3
10250,54,3,2000,63792,Petrol,110,1,0,1600,5,4,5,85,1075,0,1,3
9930,53,4,2000,63635,Petrol,110,1,0,1600,4,4,5,69,1035,0,1,3
10500,54,3,2000,63135,Petrol,110,1,0,1600,3,4,5,69,1050,1,1,3
11950,54,3,2000,63123,Petrol,110,1,0,1600,4,4,5,69,1035,1,1,3
11500,48,9,2000,63000,Diesel,69,1,0,1900,5,4,5,185,1140,0,1,6
11500,55,2,2000,63000,Petrol,110,0,0,1600,4,4,5,69,1035,0,1,3
11450,54,3,2000,62987,Petrol,110,0,0,1600,5,4,5,85,1080,0,1,3
9900,56,1,2000,62751,Petrol,110,0,0,1600,3,4,5,69,1050,0,1,3
9500,54,3,2000,62519,Petrol,97,0,0,1400,3,4,5,69,1025,0,1,3
10500,50,7,2000,62280,Petrol,97,1,0,1400,5,4,5,85,1060,0,1,3
10750,50,7,2000,61672,Petrol,110,0,0,1600,5,4,5,85,1075,0,0,12
8950,54,3,2000,61000,Diesel,69,0,0,2000,5,4,5,185,1140,0,1,6
12000,56,1,2000,61000,Petrol,110,1,0,1600,3,4,5,69,1050,1,1,3
9940,53,4,2000,60558,Petrol,110,1,0,1600,4,4,5,19,1105,0,0,12
10950,47,10,2000,60348,Petrol,110,0,0,1600,4,4,5,69,1030,1,1,3
10750,54,3,2000,60239,Petrol,110,1,0,1600,5,4,5,85,1075,0,1,3
9799,51,6,2000,59000,Petrol,97,1,0,1400,3,4,5,69,1025,0,1,6
11750,51,6,2000,58761,Petrol,97,0,0,1300,5,4,5,85,1060,0,1,12
11950,54,3,2000,58745,Petrol,110,1,0,1600,4,4,5,69,1035,1,1,3
11250,52,5,2000,58596,Petrol,110,1,0,1600,3,4,5,69,1045,0,1,3
11750,54,3,2000,58530,Petrol,110,0,0,1600,5,4,5,85,1075,0,1,3
10950,55,2,2000,58377,Petrol,110,1,0,1600,3,4,5,69,1050,1,1,3
11250,56,1,2000,58142,Petrol,110,1,0,1600,5,4,5,85,1080,1,1,3
9950,53,4,2000,57948,Petrol,97,1,0,1400,3,4,5,69,1025,0,1,3
9700,51,6,2000,57645,Petrol,110,0,0,1600,5,4,5,85,1080,0,1,3
11950,47,10,2000,57500,Petrol,110,1,0,1600,4,4,5,19,1105,0,0,3
9900,53,4,2000,57475,Petrol,110,0,0,1600,3,4,5,69,1040,0,1,3
9990,55,2,2000,56743,Petrol,110,0,0,1600,3,4,5,69,1045,0,1,3
9475,48,9,2000,56675,Petrol,97,1,0,1400,3,4,5,69,1025,0,1,3
11500,54,3,2000,55877,Petrol,110,1,0,1600,5,4,5,85,1075,1,1,3
11950,53,4,2000,55500,Petrol,110,1,0,1600,4,4,5,69,1035,1,1,12
11500,55,2,2000,54900,Petrol,97,1,0,1400,5,4,5,85,1060,1,1,3
10500,50,7,2000,54465,Petrol,110,0,0,1600,5,4,5,85,1075,0,1,3
10900,46,11,2000,53700,Petrol,97,1,0,1400,5,4,5,85,1060,1,1,3
11700,52,5,2000,53561,Petrol,97,1,0,1400,5,4,5,85,1060,1,1,3
11900,51,6,2000,53408,Petrol,110,1,0,1600,5,4,5,85,1080,0,0,12
13950,51,6,2000,53268,Petrol,110,1,0,1600,5,4,5,85,1080,1,1,3
10950,49,8,2000,53116,Petrol,97,1,0,1400,3,4,5,69,1025,0,1,3
10500,56,1,2000,52448,Petrol,97,0,0,1400,3,4,5,69,1025,1,1,3
10750,55,2,2000,52149,Petrol,97,1,0,1400,3,4,5,19,1085,0,1,12
11950,55,2,2000,52141,Petrol,110,1,0,1600,5,4,5,85,1070,1,1,3
10000,56,1,2000,52000,Petrol,97,0,0,1400,3,4,5,69,1025,0,0,3
10495,48,9,2000,50967,Petrol,97,1,0,1400,5,4,5,85,1060,1,1,3
11450,50,7,2000,50400,Petrol,110,0,0,1600,5,4,5,85,1080,1,1,3
9400,54,3,2000,50000,Petrol,97,1,0,1400,3,4,5,69,1025,0,1,3
11950,51,6,2000,50000,Petrol,86,1,0,1300,5,4,5,69,1045,1,1,12
9650,53,4,2000,49969,Petrol,110,0,0,1600,5,4,5,85,1075,0,1,3
18950,49,8,2000,49568,Petrol,110,1,0,1600,3,4,5,19,1105,0,1,3
11450,51,6,2000,49473,Petrol,110,0,0,1600,3,4,5,85,1055,1,1,3
10250,52,5,2000,49432,Petrol,110,1,0,1600,3,4,5,69,1050,1,1,3
11450,48,9,2000,49417,Petrol,110,1,0,1600,3,4,5,69,1045,1,1,3
9950,54,3,2000,49366,Petrol,97,1,0,1400,3,4,5,69,1025,0,1,3
10500,56,1,2000,48731,Petrol,110,1,0,1600,3,4,5,85,1055,1,1,3
13750,54,3,2000,48370,Petrol,110,1,0,1600,5,4,5,85,1080,0,1,3
9950,48,9,2000,48071,Petrol,97,0,0,1400,3,4,5,69,1025,1,1,3
10250,54,3,2000,47852,Petrol,110,1,0,1600,4,4,5,69,1030,0,1,3
10850,54,3,2000,47768,Petrol,110,0,0,1600,3,4,5,85,1055,1,1,3
11895,52,5,2000,47689,Petrol,110,0,0,1600,5,4,5,85,1075,1,1,3
12950,53,4,2000,47451,Petrol,110,1,0,1600,3,4,5,85,1055,0,1,3
11950,50,7,2000,47219,Petrol,110,1,0,1600,5,4,5,85,1080,1,1,3
10750,56,1,2000,47211,Petrol,110,1,0,1600,5,4,5,85,1070,1,1,3
9550,54,3,2000,46856,Petrol,97,0,0,1400,5,4,5,85,1060,0,1,3
10950,56,1,2000,46500,Petrol,86,0,0,1300,5,4,5,69,1035,1,1,12
11750,52,5,2000,46449,Petrol,110,1,0,1600,4,4,5,69,1035,1,1,3
10950,47,10,2000,46391,Petrol,110,0,0,1600,5,4,5,85,1075,0,1,12
12450,54,3,2000,46230,Petrol,110,1,0,1600,3,4,5,85,1055,1,1,3
10500,52,5,2000,46029,Petrol,110,1,0,1600,4,4,5,69,1030,1,1,3
10900,50,7,2000,46000,Petrol,97,0,0,1400,3,4,5,69,1025,1,1,3
12950,50,7,2000,45900,Petrol,110,1,0,1600,5,4,5,85,1075,1,1,3
10950,47,10,2000,45850,Petrol,97,0,0,1400,5,4,5,85,1060,1,1,3
12500,56,1,2000,45336,Petrol,110,1,0,1600,5,4,5,85,1080,1,1,3
9950,55,2,2000,44537,Petrol,97,0,0,1400,3,4,5,69,1025,0,1,3
10750,56,1,2000,43700,Petrol,86,1,0,1300,3,4,5,69,1025,1,1,3
12500,48,9,2000,43120,Petrol,97,1,0,1400,3,4,5,69,1030,1,1,3
10450,49,8,2000,41710,Petrol,110,0,0,1600,3,4,5,69,1040,1,0,12
10750,52,5,2000,41700,Petrol,97,1,0,1400,3,4,5,69,1025,1,1,3
12950,49,8,2000,41636,Petrol,110,1,0,1600,5,4,5,19,1105,0,1,12
10995,50,7,2000,41273,Petrol,97,0,0,1400,5,4,5,85,1060,1,1,3
11950,49,8,2000,40836,Petrol,110,0,1,1600,3,4,5,85,1075,1,1,3
11250,50,7,2000,40400,Petrol,97,1,0,1400,5,4,5,85,1060,1,1,3
11950,47,10,2000,40361,Petrol,110,1,0,1600,5,4,5,85,1090,0,1,3
13750,54,3,2000,40325,Petrol,86,0,0,1300,5,4,5,69,1045,0,1,3
11000,47,10,2000,40000,Petrol,110,0,0,1600,5,4,5,85,1080,0,0,3
13500,50,7,2000,39706,Petrol,110,1,0,1600,5,4,5,85,1080,0,1,3
10950,54,3,2000,39291,Petrol,110,1,0,1600,3,4,5,69,1040,0,1,3
10750,54,3,2000,39000,Petrol,97,0,0,1400,3,4,5,69,1025,0,1,3
8950,47,10,2000,38900,Petrol,97,1,0,1400,3,4,5,69,1025,0,1,3
12950,51,6,2000,38403,Petrol,110,0,0,1600,3,4,5,85,1055,0,1,3
9750,56,1,2000,37461,Petrol,97,0,0,1400,3,4,5,69,1025,0,1,3
10900,54,3,2000,37000,Petrol,97,1,0,1400,3,4,5,69,1025,1,1,3
10995,55,2,2000,36406,Petrol,110,1,0,1600,4,4,5,69,1035,1,1,3
10750,48,9,2000,36005,Petrol,97,1,0,1400,5,4,5,85,1065,1,1,3
10950,52,5,2000,36000,Petrol,110,1,0,1600,5,4,5,85,1075,0,1,3
13000,49,8,2000,36000,Petrol,110,0,0,1600,5,4,5,85,1080,1,1,3
12950,45,12,2000,36000,Petrol,110,1,1,1600,3,4,5,85,1070,1,1,3
11500,52,5,2000,35823,Petrol,110,0,0,1600,5,4,5,85,1075,1,1,3
10950,56,1,2000,35230,Petrol,97,0,0,1400,3,4,5,69,1025,1,1,3
11710,48,9,2000,35142,Petrol,110,0,0,1600,3,4,5,85,1055,0,1,3
9980,49,8,2000,34890,Petrol,97,0,0,1400,3,4,5,69,1025,1,1,3
12250,51,6,2000,34882,Petrol,110,1,0,1600,5,4,5,85,1075,1,1,3
11500,46,11,2000,34000,Petrol,110,1,0,1600,5,4,5,85,1075,1,1,3
11950,56,1,2000,33998,Petrol,110,0,0,1600,5,4,5,85,1080,1,1,12
11500,55,2,2000,33230,Petrol,110,0,0,1600,3,4,5,69,1050,0,1,3
11900,46,11,2000,33021,Petrol,110,1,0,1600,5,4,5,85,1080,1,1,3
11930,49,8,2000,31999,Petrol,97,0,0,1400,3,4,5,69,1030,0,1,3
10500,52,5,2000,31579,Petrol,97,0,0,1400,3,4,5,69,1025,0,1,3
8950,56,1,2000,31000,Petrol,97,0,0,1400,3,4,5,69,1025,0,0,6
10450,46,11,2000,30806,Petrol,97,1,0,1400,5,4,5,85,1060,1,1,3
10500,55,2,2000,30461,Petrol,86,1,0,1300,5,4,5,69,1050,1,1,3
12950,50,7,2000,29686,Petrol,110,1,1,1600,3,4,5,85,1075,1,1,3
9950,55,2,2000,29650,Petrol,86,0,0,1300,3,4,6,69,1025,0,1,3
12900,52,5,2000,29500,Petrol,110,1,0,1600,3,4,5,85,1055,1,1,3
9950,48,9,2000,28656,Petrol,97,0,0,1400,3,4,5,19,1085,0,1,3
9950,55,2,2000,27500,Petrol,97,1,0,1400,3,4,5,69,1025,1,1,3
10950,48,9,2000,26938,Petrol,110,1,0,1600,3,4,5,69,1040,0,0,12
10950,53,4,2000,26624,Petrol,97,0,0,1400,5,4,5,85,1060,0,1,3
9950,47,10,2000,26221,Petrol,97,1,0,1400,3,4,5,69,1025,0,1,3
10950,50,7,2000,22648,Petrol,97,1,0,1400,5,4,5,85,1060,0,1,3
10800,50,7,2000,22500,Petrol,97,1,0,1400,3,4,5,69,1025,0,1,3
10500,56,1,2000,19313,Petrol,97,0,0,1400,3,4,5,69,1025,0,1,3
10450,50,7,2000,17619,Petrol,110,0,0,1600,4,4,5,69,1030,0,1,3
10600,51,6,2000,17069,Petrol,97,1,0,1400,3,4,5,69,1025,0,1,3
10450,48,9,2000,15000,Petrol,97,1,0,1400,3,4,5,69,1025,1,1,3
12950,50,7,2000,10210,Petrol,97,0,0,1400,5,4,5,85,1065,0,1,3
11250,47,10,2000,5309,Petrol,110,1,1,1600,3,4,5,85,1070,0,1,3
7500,50,7,2000,1,Diesel,90,1,0,2000,3,4,5,64,1260,0,0,3
8950,52,5,2000,31000,Petrol,97,0,0,1398,3,4,5,69,1025,0,0,3
6950,58,11,1999,205000,Diesel,72,1,0,2000,4,4,5,185,1100,0,1,3
7900,68,1,1999,204250,Diesel,72,0,0,2000,3,4,5,185,1115,0,1,3
5950,68,1,1999,194545,Petrol,86,0,0,1300,4,4,5,69,1000,0,1,3
7500,59,10,1999,190900,Diesel,72,1,0,2000,3,4,5,185,1115,0,1,3
7500,62,7,1999,183500,Diesel,72,1,0,2000,5,4,5,185,1140,0,1,3
6900,65,4,1999,176184,Diesel,72,1,0,2000,3,4,5,185,1115,0,1,3
5751,67,2,1999,174833,Diesel,72,0,0,2000,4,4,5,185,1100,0,1,3
6950,68,1,1999,155720,Petrol,86,1,0,1300,3,4,5,69,1015,0,1,3
7950,67,2,1999,155500,Petrol,110,1,0,1600,5,4,5,69,1050,0,1,6
7750,59,10,1999,154783,Diesel,72,1,0,2000,3,4,5,185,1120,0,1,3
7950,64,5,1999,154462,Diesel,72,1,0,2000,5,4,5,185,1135,0,1,3
8250,64,5,1999,150585,Petrol,110,1,0,1600,3,4,6,85,1065,0,1,3
6250,67,2,1999,149000,Diesel,90,1,0,2000,5,4,5,64,1135,0,0,3
9500,62,7,1999,147636,Diesel,72,0,0,2000,5,4,5,185,1135,0,1,3
6900,59,10,1999,144521,Diesel,72,1,0,2000,5,4,5,64,1135,0,0,3
8450,64,5,1999,144000,CNG,110,1,0,1600,3,4,6,72,1065,0,1,3
7350,65,4,1999,140168,Diesel,72,1,0,2000,3,4,5,185,1115,0,1,3
8950,68,1,1999,140000,Petrol,110,1,0,1600,5,4,5,85,1085,0,1,3
6900,60,9,1999,139800,Diesel,72,0,0,2000,3,4,5,185,1115,0,1,3
8950,59,10,1999,137050,CNG,110,1,0,1600,3,4,5,197,1078,0,1,3
8750,61,8,1999,136956,Petrol,110,0,0,1600,3,4,6,85,1065,0,1,3
7950,67,2,1999,135337,CNG,110,1,0,1600,5,4,5,197,1120,0,1,3
8950,64,5,1999,133769,Diesel,72,1,0,2000,3,4,5,185,1120,0,1,3
8950,58,11,1999,133405,Diesel,72,1,0,2000,5,4,5,185,1135,0,1,3
8950,65,4,1999,132807,Diesel,72,1,0,2000,5,4,5,185,1135,1,1,3
7950,64,5,1999,132393,Diesel,72,0,0,2000,5,4,5,185,1135,0,1,3
7750,60,9,1999,130270,Petrol,110,0,0,1600,3,4,5,69,1050,0,1,3
7500,59,10,1999,130000,Diesel,72,1,0,2000,4,4,5,185,1135,0,1,3
8950,67,2,1999,127000,Diesel,72,1,0,2000,5,4,5,185,1135,1,1,3
9800,67,2,1999,126800,Diesel,72,0,0,2000,5,4,5,185,1135,0,1,3
9450,66,3,1999,126452,Petrol,110,1,0,1600,5,4,5,85,1085,1,1,3
8950,62,7,1999,125175,Diesel,116,0,0,2000,5,4,5,185,1150,0,0,3
8750,68,1,1999,125000,Diesel,72,1,0,2000,3,4,5,185,1115,0,1,3
10500,61,8,1999,123000,Diesel,72,0,0,2000,5,4,5,185,1135,1,1,3
7995,59,10,1999,121626,Petrol,86,0,0,1300,5,4,5,69,1050,0,1,3
10450,64,5,1999,120400,Petrol,110,0,0,1600,5,4,5,85,1090,0,1,3
9950,66,3,1999,120000,Diesel,72,0,0,2000,4,4,5,185,1100,0,1,3
9950,68,1,1999,119541,Petrol,110,0,0,1600,3,4,5,85,1055,0,1,3
8950,68,1,1999,119500,Petrol,110,1,0,1600,5,4,5,85,1070,1,0,12
7950,68,1,1999,119289,Petrol,110,1,0,1600,4,4,5,69,1035,1,1,3
10950,57,12,1999,118833,Petrol,110,0,0,1600,3,4,6,85,1065,1,1,3
9950,64,5,1999,118000,Diesel,72,1,0,2000,5,4,5,185,1150,0,1,3
8600,68,1,1999,117955,Petrol,110,1,1,1600,4,4,5,85,1065,1,1,3
7250,65,4,1999,117609,Petrol,86,0,0,1300,3,4,5,69,1015,0,1,3
6950,68,1,1999,117000,Diesel,72,0,0,2000,3,4,5,185,1115,0,1,3
8000,64,5,1999,116000,Petrol,86,0,0,1300,5,4,5,69,1045,0,0,3
9950,58,11,1999,115715,Petrol,110,0,0,1600,5,4,5,85,1070,0,1,3
9450,60,9,1999,115191,CNG,110,1,0,1600,4,4,5,197,1079,1,1,3
7950,68,1,1999,115071,Petrol,110,1,0,1600,3,4,5,85,1055,0,1,3
9450,63,6,1999,115000,CNG,110,0,0,1600,3,4,5,197,1109,0,1,6
9950,64,5,1999,114846,Petrol,110,1,0,1600,5,4,5,85,1075,1,1,3
6950,65,4,1999,114383,Diesel,90,0,0,2000,3,4,5,64,1260,0,1,3
8250,59,10,1999,113700,Petrol,110,1,0,1600,5,4,5,19,1065,1,1,12
9950,67,2,1999,113118,Petrol,86,1,0,1300,3,4,5,69,1020,1,1,3
8250,59,10,1999,112827,Petrol,86,1,0,1300,5,4,5,69,1040,0,1,3
9950,68,1,1999,112116,Petrol,110,1,0,1600,5,4,5,85,1070,1,1,3
10500,66,3,1999,112000,Petrol,110,1,0,1600,3,4,6,85,1065,1,1,3
7950,62,7,1999,112000,Diesel,72,0,0,2000,4,4,5,64,1135,0,1,3
9750,65,4,1999,111769,Petrol,110,0,0,1600,3,4,6,85,1065,1,1,3
9250,61,8,1999,110853,Petrol,110,1,0,1600,5,4,5,85,1070,0,1,3
9500,68,1,1999,110287,Petrol,110,1,0,1600,3,4,5,69,1050,0,1,3
9950,62,7,1999,109547,Petrol,110,0,0,1600,5,4,5,85,1075,1,1,3
7750,63,6,1999,109230,Petrol,110,0,0,1600,3,4,5,69,1050,1,1,3
9500,68,1,1999,109150,Petrol,110,0,0,1600,5,4,5,85,1075,0,1,3
9950,67,2,1999,108793,Petrol,110,1,0,1600,4,4,5,69,1035,1,1,3
9750,64,5,1999,106784,Petrol,110,0,1,1600,3,4,5,19,1050,0,1,12
9750,58,11,1999,105942,Petrol,86,0,0,1300,5,4,5,69,1040,1,1,3
5950,59,10,1999,105000,Petrol,86,1,0,1300,3,4,5,19,1015,0,0,3
8500,62,7,1999,105000,Petrol,86,0,0,1300,5,4,5,69,1040,0,0,3
8495,68,1,1999,104299,Petrol,110,1,0,1600,5,4,5,85,1085,0,1,3
9250,67,2,1999,104000,Petrol,86,0,0,1300,3,4,5,69,1020,1,1,3
6900,68,1,1999,104000,Petrol,86,1,0,1300,3,4,5,19,1015,0,0,6
8950,58,11,1999,103458,Petrol,86,1,0,1300,3,4,5,69,1025,1,1,3
9500,63,6,1999,103400,Petrol,110,1,0,1600,5,4,5,85,1075,0,1,3
9250,63,6,1999,102807,Petrol,86,0,0,1300,5,4,5,85,1055,0,1,3
9895,68,1,1999,102494,Petrol,110,0,0,1600,5,4,5,85,1090,1,1,3
9950,57,12,1999,102300,Diesel,72,1,0,2000,5,4,5,185,1135,1,1,3
7950,61,8,1999,102106,Petrol,110,0,0,1600,3,4,5,69,1050,0,1,3
8750,68,1,1999,101889,Petrol,110,1,0,1600,5,4,5,85,1075,1,1,3
8250,57,12,1999,101791,Diesel,72,0,0,2000,3,4,5,185,1115,0,1,3
8950,63,6,1999,101469,Petrol,110,1,0,1600,3,4,6,85,1065,0,1,3
8950,68,1,1999,101001,Petrol,110,0,0,1600,5,4,5,85,1075,1,1,3
8950,61,8,1999,100748,Petrol,110,0,0,1600,5,4,5,85,1070,0,1,3
8950,65,4,1999,100550,Petrol,110,1,0,1600,5,4,5,85,1075,0,1,3
9450,67,2,1999,99781,Petrol,110,1,0,1600,5,4,5,85,1085,0,1,3
8950,59,10,1999,98658,Petrol,86,1,0,1300,3,4,5,69,1020,0,1,3
9250,65,4,1999,98500,Petrol,110,1,0,1600,5,4,5,85,1075,0,0,3
8750,64,5,1999,98291,Petrol,86,0,0,1300,4,4,5,69,1000,0,1,12
9950,61,8,1999,97648,Petrol,110,1,0,1600,3,4,6,85,1065,1,1,3
9950,61,8,1999,97425,Petrol,110,1,0,1600,5,4,5,85,1075,0,1,3
9900,65,4,1999,97173,Petrol,86,0,0,1300,3,4,5,69,1015,1,1,3
